{
    "Threshold Blocking State": [
        {
            "Step": 12,
            "Action": "down1",
            "FMMFSM State": "P"
        }
    ],
    "Threshold Vacuous State Confusion": [
        {
            "Step": 11,
            "Action": "up2",
            "FMMFSM State": "P",
            "State Memberships": {
                "P": 0.2700116455715367,
                "R": 0.005450090836069066,
                "N": 0.015676273252081763,
                "D": 0.0028294020714053625
            }
        },
        {
            "Step": 12,
            "Action": "down1",
            "FMMFSM State": "P",
            "State Memberships": {
                "P": 0.24052170964010167,
                "R": 0.004794572673810005,
                "N": 0.013898290474430475,
                "D": 0.00249968859702121
            }
        }
    ],
    "Threshold Vacuous Task Confusion": [
        {
            "Step": 11,
            "Action": "up2",
            "FMMFSM Task Memberships": {
                "Driving": 0.01521888132525906,
                "Parking": 0.26731152911582123
            }
        },
        {
            "Step": 12,
            "Action": "down1",
            "FMMFSM Task Memberships": {
                "Driving": 0.01345872004870674,
                "Parking": 0.2381164925437007
            }
        }
    ]
}