{
    "Threshold Blocking State": [
        {
            "Step": 7,
            "Action": "down3",
            "FMMFSM State": "P"
        }
    ],
    "Threshold Vacuous State Confusion": [
        {
            "Step": 6,
            "Action": "up2",
            "FMMFSM State": "P",
            "State Memberships": {
                "P": 0.2474409710836224,
                "R": 0.0020401047347730072,
                "N": 0.0010228703128677408,
                "D": 0.01636629219652641
            }
        },
        {
            "Step": 7,
            "Action": "down3",
            "FMMFSM State": "P",
            "State Memberships": {
                "P": 0.21041084437437874,
                "R": 0.014994188256556074,
                "N": 0.014674108164096533,
                "D": 0.0021639253260902214
            }
        }
    ],
    "Threshold Vacuous Task Confusion": [
        {
            "Step": 6,
            "Action": "up2",
            "FMMFSM Task Memberships": {
                "Driving": 0.01704168886608537,
                "Parking": 0.24496656137278616
            }
        },
        {
            "Step": 7,
            "Action": "down3",
            "FMMFSM Task Memberships": {
                "Driving": 0.022639966622682195,
                "Parking": 0.20830673593063498
            }
        }
    ]
}