{
    "Threshold Blocking State": [
        {
            "Step": 16,
            "Action": "up1",
            "FMMFSM State": "D"
        }
    ],
    "Threshold Vacuous State Confusion": [
        {
            "Step": 16,
            "Action": "up1",
            "FMMFSM State": "D",
            "State Memberships": {
                "P": 0.0025148985675278457,
                "R": 0.015303166226165787,
                "N": 0.004782026420538155,
                "D": 0.29321061938024573
            }
        }
    ],
    "Threshold Vacuous Task Confusion": [
        {
            "Step": 13,
            "Action": "down1",
            "FMMFSM Task Memberships": {
                "Driving": 0.2957134021368468,
                "Parking": 0.0012119558491714422
            }
        },
        {
            "Step": 14,
            "Action": "down2",
            "FMMFSM Task Memberships": {
                "Driving": 0.28920613182721,
                "Parking": 0.001132867439583296
            }
        },
        {
            "Step": 15,
            "Action": "down2",
            "FMMFSM Task Memberships": {
                "Driving": 0.2840421346781211,
                "Parking": 0.0027224455765225697
            }
        },
        {
            "Step": 16,
            "Action": "up1",
            "FMMFSM Task Memberships": {
                "Driving": 0.27576370475045897,
                "Parking": 0.0024897495818525517
            }
        }
    ]
}