{
    "Threshold Blocking State": [
        {
            "Step": 14,
            "Action": "up2",
            "FMMFSM State": "D"
        }
    ],
    "Threshold Vacuous State Confusion": [
        {
            "Step": 14,
            "Action": "up2",
            "FMMFSM State": "D",
            "State Memberships": {
                "P": 0.016558195561736988,
                "R": 0.0007892730338812104,
                "N": 0.0017169373284527945,
                "D": 0.27946235761120763
            }
        }
    ],
    "Threshold Vacuous Task Confusion": [
        {
            "Step": 13,
            "Action": "down3",
            "FMMFSM Task Memberships": {
                "Driving": 0.2836642542965778,
                "Parking": 0.018478155787556738
            }
        },
        {
            "Step": 14,
            "Action": "up2",
            "FMMFSM Task Memberships": {
                "Driving": 0.2526898976997267,
                "Parking": 0.016392613606119655
            }
        }
    ]
}