{
    "Threshold Blocking State": [
        {
            "Step": 19,
            "Action": "up1",
            "FMMFSM State": "D"
        }
    ],
    "Threshold Nondeterministic State Confusion": [
        {
            "Step": 10,
            "Action": "up1",
            "FMMFSM Task Labels": {
                "P": 0.7133250647404301,
                "R": 0.7376036582744459
            }
        },
        {
            "Step": 13,
            "Action": "up1",
            "FMMFSM Task Labels": {
                "N": 0.821076721306778,
                "D": 0.7659858727261498
            }
        },
        {
            "Step": 14,
            "Action": "down3",
            "FMMFSM Task Labels": {
                "R": 0.8249473900071925,
                "N": 0.7140733289943185
            }
        }
    ],
    "Threshold Nondeterministic Task Confusion": [
        {
            "Step": 10,
            "Action": "up1",
            "FMMFSM Task Labels": {
                "Driving": 0.762031345933331,
                "Parking": 0.7061918140930258
            }
        }
    ]
}