{
    "Threshold Blocking State": [
        {
            "Step": 19,
            "Action": "up1",
            "FMMFSM State": "D"
        }
    ],
    "Threshold Vacuous State Confusion": [
        {
            "Step": 18,
            "Action": "down3",
            "FMMFSM State": "D",
            "State Memberships": {
                "P": 0.0169153917179935,
                "R": 0.0008063188403940602,
                "N": 0.0017538940317540774,
                "D": 0.28529656299149486
            }
        },
        {
            "Step": 19,
            "Action": "up1",
            "FMMFSM State": "D",
            "State Memberships": {
                "P": 0.015053916697649994,
                "R": 0.0007176230151835217,
                "N": 0.0015584077554885445,
                "D": 0.2547878383482013
            }
        }
    ],
    "Threshold Vacuous Task Confusion": [
        {
            "Step": 17,
            "Action": "down3",
            "FMMFSM Task Memberships": {
                "Driving": 0.28976736754543564,
                "Parking": 0.018876142186535327
            }
        },
        {
            "Step": 18,
            "Action": "down3",
            "FMMFSM Task Memberships": {
                "Driving": 0.257957564311594,
                "Parking": 0.016746237800813524
            }
        },
        {
            "Step": 19,
            "Action": "up1",
            "FMMFSM Task Memberships": {
                "Driving": 0.23040695103496778,
                "Parking": 0.0149033775306735
            }
        }
    ]
}