{
    "Threshold Blocking State": [
        {
            "Step": 9,
            "Action": "down3",
            "FMMFSM State": "P"
        }
    ],
    "Threshold Vacuous State Confusion": [
        {
            "Step": 9,
            "Action": "down3",
            "FMMFSM State": "P",
            "State Memberships": {
                "P": 0.2714200100095333,
                "R": 0.019235187583132363,
                "N": 0.003897262055235995,
                "D": 0.001159153460752349
            }
        }
    ],
    "Threshold Vacuous Task Confusion": [
        {
            "Step": 8,
            "Action": "up1",
            "FMMFSM Task Memberships": {
                "Driving": 0.023980631725809554,
                "Parking": 0.2995111857753119
            }
        },
        {
            "Step": 9,
            "Action": "down3",
            "FMMFSM Task Memberships": {
                "Driving": 0.02024974602584817,
                "Parking": 0.26870580990943793
            }
        }
    ]
}