{
    "Threshold Blocking State": [
        {
            "Step": 12,
            "Action": "up2",
            "FMMFSM State": "D"
        }
    ],
    "Threshold Vacuous State Confusion": [
        {
            "Step": 12,
            "Action": "up2",
            "FMMFSM State": "D",
            "State Memberships": {
                "P": 0.016067140266384783,
                "R": 0.0007654866622989198,
                "N": 0.0016758776732469505,
                "D": 0.271585358357018
            }
        }
    ],
    "Threshold Vacuous Task Confusion": [
        {
            "Step": 11,
            "Action": "down3",
            "FMMFSM Task Memberships": {
                "Driving": 0.27560196363480716,
                "Parking": 0.018089290388438428
            }
        },
        {
            "Step": 12,
            "Action": "up2",
            "FMMFSM Task Memberships": {
                "Driving": 0.24558005351815715,
                "Parking": 0.015906468863720935
            }
        }
    ]
}