{
    "Threshold Blocking State": [
        {
            "Step": 7,
            "Action": "down3",
            "FMMFSM State": "P"
        }
    ],
    "Threshold Vacuous State Confusion": [
        {
            "Step": 6,
            "Action": "up2",
            "FMMFSM State": "P",
            "State Memberships": {
                "P": 0.2585542328256457,
                "R": 0.018669930118447642,
                "N": 0.018143961028867284,
                "D": 0.0026839975355572587
            }
        },
        {
            "Step": 7,
            "Action": "down3",
            "FMMFSM State": "P",
            "State Memberships": {
                "P": 0.2428547834178666,
                "R": 0.005013303330812735,
                "N": 0.013305202346021616,
                "D": 0.0032120779582374137
            }
        }
    ],
    "Threshold Vacuous Task Confusion": [
        {
            "Step": 6,
            "Action": "up2",
            "FMMFSM Task Memberships": {
                "Driving": 0.028075944315272272,
                "Parking": 0.25596869049738924
            }
        },
        {
            "Step": 7,
            "Action": "down3",
            "FMMFSM Task Memberships": {
                "Driving": 0.013993239415342695,
                "Parking": 0.24042623558368792
            }
        }
    ]
}