{
    "Threshold Blocking State": [
        {
            "Step": 10,
            "Action": "up3",
            "FMMFSM State": "D"
        }
    ],
    "Threshold Vacuous State Confusion": [
        {
            "Step": 9,
            "Action": "down3",
            "FMMFSM State": "D",
            "State Memberships": {
                "P": 0.017805937278800976,
                "R": 0.0008486950619908118,
                "N": 0.0018488438729804546,
                "D": 0.2998193771470944
            }
        },
        {
            "Step": 10,
            "Action": "up3",
            "FMMFSM State": "D",
            "State Memberships": {
                "P": 0.015821109245245712,
                "R": 0.000754167088055091,
                "N": 0.0016391779861797406,
                "D": 0.2673898638399864
            }
        }
    ],
    "Threshold Vacuous Task Confusion": [
        {
            "Step": 9,
            "Action": "down3",
            "FMMFSM Task Memberships": {
                "Driving": 0.2710696189785553,
                "Parking": 0.017627877906012945
            }
        },
        {
            "Step": 10,
            "Action": "up3",
            "FMMFSM Task Memberships": {
                "Driving": 0.2417882177205093,
                "Parking": 0.015662898152793203
            }
        }
    ]
}