{
    "Threshold Blocking State": [
        {
            "Step": 11,
            "Action": "up3",
            "FMMFSM State": "D"
        }
    ],
    "Threshold Vacuous State Confusion": [
        {
            "Step": 10,
            "Action": "down2",
            "FMMFSM State": "D",
            "State Memberships": {
                "P": 0.0007866008970527361,
                "R": 0.006114385487481444,
                "N": 0.0016526960401983537,
                "D": 0.274593290608959
            }
        },
        {
            "Step": 11,
            "Action": "up3",
            "FMMFSM State": "D",
            "State Memberships": {
                "P": 0.0007116909118656256,
                "R": 0.005510798619584367,
                "N": 0.0013804436555877597,
                "D": 0.24818198896587573
            }
        }
    ],
    "Threshold Vacuous Task Confusion": [
        {
            "Step": 9,
            "Action": "down2",
            "FMMFSM Task Memberships": {
                "Driving": 0.2790706245299678,
                "Parking": 0.0009992160637797287
            }
        },
        {
            "Step": 10,
            "Action": "down2",
            "FMMFSM Task Memberships": {
                "Driving": 0.2518956492250545,
                "Parking": 0.000778734888082222
            }
        },
        {
            "Step": 11,
            "Action": "up3",
            "FMMFSM Task Memberships": {
                "Driving": 0.22774907984837145,
                "Parking": 0.0007045740027469272
            }
        }
    ]
}