{
    "Threshold Blocking State": [
        {
            "Step": 10,
            "Action": "up3",
            "FMMFSM State": "D"
        }
    ],
    "Threshold Vacuous State Confusion": [
        {
            "Step": 10,
            "Action": "up3",
            "FMMFSM State": "D",
            "State Memberships": {
                "P": 0.006313414039951559,
                "R": 0.0003093719848044074,
                "N": 0.0004590265471271504,
                "D": 0.2601736603797882
            }
        }
    ],
    "Threshold Vacuous Task Confusion": [
        {
            "Step": 9,
            "Action": "down3",
            "FMMFSM Task Memberships": {
                "Driving": 0.2783794351575447,
                "Parking": 0.007437250917292415
            }
        },
        {
            "Step": 10,
            "Action": "up3",
            "FMMFSM Task Memberships": {
                "Driving": 0.23454525422543238,
                "Parking": 0.006250279899552069
            }
        }
    ]
}