{
    "Threshold Blocking State": [
        {
            "Step": 15,
            "Action": "up1",
            "FMMFSM State": "D"
        }
    ],
    "Threshold Vacuous State Confusion": [
        {
            "Step": 14,
            "Action": "down3",
            "FMMFSM State": "D",
            "State Memberships": {
                "P": 0.006354479839145388,
                "R": 0.0003108614295551648,
                "N": 0.00032689181862000094,
                "D": 0.2609490774745469
            }
        },
        {
            "Step": 15,
            "Action": "up1",
            "FMMFSM State": "D",
            "State Memberships": {
                "P": 0.005332191359157634,
                "R": 0.0002612758839910523,
                "N": 0.00038800551034434694,
                "D": 0.220200172462363
            }
        }
    ],
    "Threshold Vacuous Task Confusion": [
        {
            "Step": 13,
            "Action": "down3",
            "FMMFSM Task Memberships": {
                "Driving": 0.28331641477709457,
                "Parking": 0.0008795272644636087
            }
        },
        {
            "Step": 14,
            "Action": "down3",
            "FMMFSM Task Memberships": {
                "Driving": 0.2351932635883459,
                "Parking": 0.006290935040753953
            }
        },
        {
            "Step": 15,
            "Action": "up1",
            "FMMFSM Task Memberships": {
                "Driving": 0.1985242204664851,
                "Parking": 0.005278869445566103
            }
        }
    ]
}