{
    "Threshold Blocking State": [
        {
            "Step": 18,
            "Action": "down3",
            "FMMFSM State": "P"
        }
    ],
    "Threshold Vacuous State Confusion": [
        {
            "Step": 16,
            "Action": "up1",
            "FMMFSM State": "P",
            "State Memberships": {
                "P": 0.2922414569126519,
                "R": 0.04130153765149691,
                "N": 0.04239402647668744,
                "D": 0.0059883781219447485
            }
        },
        {
            "Step": 17,
            "Action": "up1",
            "FMMFSM State": "P",
            "State Memberships": {
                "P": 0.29212701181538725,
                "R": 0.0677212275178446,
                "N": 0.012451235268832406,
                "D": 0.006700260641816169
            }
        }
    ],
    "Threshold Vacuous Task Confusion": [
        {
            "Step": 16,
            "Action": "up1",
            "FMMFSM Task Memberships": {
                "Driving": 0.06265968282808054,
                "Parking": 0.28931904234352546
            }
        },
        {
            "Step": 17,
            "Action": "up1",
            "FMMFSM Task Memberships": {
                "Driving": 0.07242271997022787,
                "Parking": 0.28920574169723334
            }
        }
    ]
}