{
    "Threshold Blocking State": [
        {
            "Step": 7,
            "Action": "down2",
            "FMMFSM State": "P"
        }
    ],
    "Threshold Vacuous State Confusion": [
        {
            "Step": 6,
            "Action": "up1",
            "FMMFSM State": "P",
            "State Memberships": {
                "P": 0.29716986095226805,
                "R": 0.008959765254096475,
                "N": 0.0016541713608253517,
                "D": 0.00043971507371198815
            }
        },
        {
            "Step": 7,
            "Action": "down2",
            "FMMFSM State": "P",
            "State Memberships": {
                "P": 0.25091466586200495,
                "R": 0.007474596068577699,
                "N": 0.0011697444132884316,
                "D": 0.00035694830914789755
            }
        }
    ],
    "Threshold Vacuous Task Confusion": [
        {
            "Step": 6,
            "Action": "up1",
            "FMMFSM Task Memberships": {
                "Driving": 0.009276432664296008,
                "Parking": 0.29419816234274543
            }
        },
        {
            "Step": 7,
            "Action": "down2",
            "FMMFSM Task Memberships": {
                "Driving": 0.007626979887209506,
                "Parking": 0.24840551920338494
            }
        }
    ]
}