{
    "Threshold Blocking State": [
        {
            "Step": 12,
            "Action": "up1",
            "FMMFSM State": "D"
        }
    ],
    "Threshold Vacuous State Confusion": [
        {
            "Step": 11,
            "Action": "down3",
            "FMMFSM State": "D",
            "State Memberships": {
                "P": 0.017767920173371587,
                "R": 0.0008468846909031047,
                "N": 0.0018448188007423871,
                "D": 0.2992005879086609
            }
        },
        {
            "Step": 12,
            "Action": "up1",
            "FMMFSM State": "D",
            "State Memberships": {
                "P": 0.015788419841332946,
                "R": 0.0007526100669554836,
                "N": 0.0016357329569198775,
                "D": 0.2668536605111125
            }
        }
    ],
    "Threshold Vacuous Task Confusion": [
        {
            "Step": 11,
            "Action": "down3",
            "FMMFSM Task Memberships": {
                "Driving": 0.27051098950927266,
                "Parking": 0.01759024097163786
            }
        },
        {
            "Step": 12,
            "Action": "up1",
            "FMMFSM Task Memberships": {
                "Driving": 0.2413039857005398,
                "Parking": 0.015630535642919607
            }
        }
    ]
}