{
    "Threshold Blocking State": [
        {
            "Step": 9,
            "Action": "up2",
            "FMMFSM State": "D"
        }
    ],
    "Threshold Vacuous State Confusion": [
        {
            "Step": 9,
            "Action": "up2",
            "FMMFSM State": "D",
            "State Memberships": {
                "P": 0.006469019658824404,
                "R": 0.00031699564670395475,
                "N": 0.00047039570557794175,
                "D": 0.2665015856360208
            }
        }
    ],
    "Threshold Vacuous Task Confusion": [
        {
            "Step": 8,
            "Action": "down3",
            "FMMFSM Task Memberships": {
                "Driving": 0.2852350576256656,
                "Parking": 0.007623449631675494
            }
        },
        {
            "Step": 9,
            "Action": "up2",
            "FMMFSM Task Memberships": {
                "Driving": 0.24024702878744242,
                "Parking": 0.006404329462236125
            }
        }
    ]
}