{
    "Threshold Blocking State": [
        {
            "Step": 7,
            "Action": "down2",
            "FMMFSM State": "P"
        }
    ],
    "Threshold Vacuous State Confusion": [
        {
            "Step": 6,
            "Action": "up2",
            "FMMFSM State": "P",
            "State Memberships": {
                "P": 0.24792623426391192,
                "R": 0.0017669376999213116,
                "N": 0.0062019038789503655,
                "D": 0.000821605814835813
            }
        },
        {
            "Step": 7,
            "Action": "down2",
            "FMMFSM State": "P",
            "State Memberships": {
                "P": 0.20240725629948297,
                "R": 0.0014297354088191883,
                "N": 0.00504926943904882,
                "D": 0.0006645476620251722
            }
        }
    ],
    "Threshold Vacuous Task Confusion": [
        {
            "Step": 6,
            "Action": "up2",
            "FMMFSM Task Memberships": {
                "Driving": 0.005422244596737458,
                "Parking": 0.24544697192127285
            }
        },
        {
            "Step": 7,
            "Action": "down2",
            "FMMFSM Task Memberships": {
                "Driving": 0.004403963253341581,
                "Parking": 0.2003831837364881
            }
        }
    ]
}