{
    "Threshold Blocking State": [
        {
            "Step": 8,
            "Action": "down1",
            "FMMFSM State": "P"
        }
    ],
    "Threshold Vacuous State Confusion": [
        {
            "Step": 7,
            "Action": "up1",
            "FMMFSM State": "P",
            "State Memberships": {
                "P": 0.2995341651406844,
                "R": 0.008647113093339653,
                "N": 0.0013699854807965872,
                "D": 0.0004195430860901572
            }
        },
        {
            "Step": 8,
            "Action": "down1",
            "FMMFSM State": "P",
            "State Memberships": {
                "P": 0.25259372511583067,
                "R": 0.007264820269627492,
                "N": 0.0011500424238721774,
                "D": 0.00035260221333544006
            }
        }
    ],
    "Threshold Vacuous Task Confusion": [
        {
            "Step": 7,
            "Action": "up1",
            "FMMFSM Task Memberships": {
                "Driving": 0.008836457232897055,
                "Parking": 0.2965388234892776
            }
        },
        {
            "Step": 8,
            "Action": "down1",
            "FMMFSM Task Memberships": {
                "Driving": 0.0074246855888685515,
                "Parking": 0.25006778786467243
            }
        }
    ]
}