{
    "Threshold Blocking State": [
        {
            "Step": 8,
            "Action": "down1",
            "FMMFSM State": "P"
        }
    ],
    "Threshold Vacuous State Confusion": [
        {
            "Step": 7,
            "Action": "up2",
            "FMMFSM State": "P",
            "State Memberships": {
                "P": 0.26718398862949455,
                "R": 0.001875168900711488,
                "N": 0.006692094086526823,
                "D": 0.0008830657940597231
            }
        },
        {
            "Step": 8,
            "Action": "down1",
            "FMMFSM State": "P",
            "State Memberships": {
                "P": 0.21785926053518034,
                "R": 0.0015395509483797643,
                "N": 0.005441174805151716,
                "D": 0.0007156949148316993
            }
        }
    ],
    "Threshold Vacuous Task Confusion": [
        {
            "Step": 7,
            "Action": "up2",
            "FMMFSM Task Memberships": {
                "Driving": 0.0058188152148062056,
                "Parking": 0.2645121487431996
            }
        },
        {
            "Step": 8,
            "Action": "down1",
            "FMMFSM Task Memberships": {
                "Driving": 0.004743896575931328,
                "Parking": 0.21568066792982854
            }
        }
    ]
}