{
    "Threshold Blocking State": [
        {
            "Step": 8,
            "Action": "down2",
            "FMMFSM State": "P"
        }
    ],
    "Threshold Vacuous State Confusion": [
        {
            "Step": 7,
            "Action": "up2",
            "FMMFSM State": "P",
            "State Memberships": {
                "P": 0.28887892069213617,
                "R": 0.00063485993737189,
                "N": 0.0071755393436582215,
                "D": 0.0009591318229086321
            }
        },
        {
            "Step": 8,
            "Action": "down2",
            "FMMFSM State": "P",
            "State Memberships": {
                "P": 0.23424343035976802,
                "R": 0.0016617903302281745,
                "N": 0.0058834251972811336,
                "D": 0.0007449127144909529
            }
        }
    ],
    "Threshold Vacuous Task Confusion": [
        {
            "Step": 7,
            "Action": "up2",
            "FMMFSM Task Memberships": {
                "Driving": 0.00501672381723961,
                "Parking": 0.2859901314852148
            }
        },
        {
            "Step": 8,
            "Action": "down2",
            "FMMFSM Task Memberships": {
                "Driving": 0.0051003737528281246,
                "Parking": 0.23190099605617032
            }
        }
    ]
}