{
    "Threshold Blocking State": [
        {
            "Step": 9,
            "Action": "up2",
            "FMMFSM State": "D"
        }
    ],
    "Threshold Vacuous State Confusion": [
        {
            "Step": 8,
            "Action": "down3",
            "FMMFSM State": "D",
            "State Memberships": {
                "P": 0.006656405033849899,
                "R": 0.0003261762006226965,
                "N": 0.00048409087475898005,
                "D": 0.27411646185739824
            }
        },
        {
            "Step": 9,
            "Action": "up2",
            "FMMFSM State": "D",
            "State Memberships": {
                "P": 0.005603713854649306,
                "R": 0.00027460042003479845,
                "N": 0.00040720806993044256,
                "D": 0.2312608972336332
            }
        }
    ],
    "Threshold Vacuous Task Confusion": [
        {
            "Step": 7,
            "Action": "down3",
            "FMMFSM Task Memberships": {
                "Driving": 0.29349046217342356,
                "Parking": 0.007847885679468702
            }
        },
        {
            "Step": 8,
            "Action": "down3",
            "FMMFSM Task Memberships": {
                "Driving": 0.24710823007405558,
                "Parking": 0.006589840983511452
            }
        },
        {
            "Step": 9,
            "Action": "up2",
            "FMMFSM Task Memberships": {
                "Driving": 0.20849169647594212,
                "Parking": 0.0055476767161027896
            }
        }
    ]
}