{
    "Threshold Blocking State": [
        {
            "Step": 7,
            "Action": "down1",
            "FMMFSM State": "P"
        }
    ],
    "Threshold Vacuous State Confusion": [
        {
            "Step": 6,
            "Action": "up3",
            "FMMFSM State": "P",
            "State Memberships": {
                "P": 0.2950371414352956,
                "R": 0.002467179187684576,
                "N": 0.0012363783862711086,
                "D": 0.019636738153129163
            }
        },
        {
            "Step": 7,
            "Action": "down1",
            "FMMFSM State": "P",
            "State Memberships": {
                "P": 0.23902781485765934,
                "R": 0.0019658089659236877,
                "N": 0.000985674024539529,
                "D": 0.015792596381523416
            }
        }
    ],
    "Threshold Vacuous Task Confusion": [
        {
            "Step": 6,
            "Action": "up3",
            "FMMFSM Task Memberships": {
                "Driving": 0.02046019874165894,
                "Parking": 0.29208677002094263
            }
        },
        {
            "Step": 7,
            "Action": "down1",
            "FMMFSM Task Memberships": {
                "Driving": 0.016442390784348393,
                "Parking": 0.23663753670908272
            }
        }
    ]
}