{
    "Threshold Blocking State": [
        {
            "Step": 14,
            "Action": "down3",
            "FMMFSM State": "P"
        }
    ],
    "Threshold Vacuous State Confusion": [
        {
            "Step": 14,
            "Action": "down3",
            "FMMFSM State": "P",
            "State Memberships": {
                "P": 0.2710350700023457,
                "R": 0.005745402637118535,
                "N": 0.0021298388046752104,
                "D": 0.03446146008562112
            }
        }
    ],
    "Threshold Vacuous Task Confusion": [
        {
            "Step": 13,
            "Action": "up3",
            "FMMFSM Task Memberships": {
                "Driving": 0.04172499160026888,
                "Parking": 0.2996315797951865
            }
        },
        {
            "Step": 14,
            "Action": "down3",
            "FMMFSM Task Memberships": {
                "Driving": 0.03705235535827378,
                "Parking": 0.26832471930232227
            }
        }
    ]
}