{
    "Threshold Blocking State": [
        {
            "Step": 14,
            "Action": "up3",
            "FMMFSM State": "D"
        }
    ],
    "Threshold Vacuous State Confusion": [],
    "Threshold Vacuous Task Confusion": [
        {
            "Step": 12,
            "Action": "down1",
            "FMMFSM Task Memberships": {
                "Driving": 0.2947052805824797,
                "Parking": 0.0019446322112592895
            }
        },
        {
            "Step": 13,
            "Action": "down1",
            "FMMFSM Task Memberships": {
                "Driving": 0.29244445319635637,
                "Parking": 0.0012321479274921554
            }
        },
        {
            "Step": 14,
            "Action": "up3",
            "FMMFSM Task Memberships": {
                "Driving": 0.28559050146964404,
                "Parking": 0.0011753214435508141
            }
        }
    ]
}