{
    "Threshold Blocking State": [
        {
            "Step": 9,
            "Action": "down3",
            "FMMFSM State": "P"
        }
    ],
    "Threshold Vacuous State Confusion": [
        {
            "Step": 8,
            "Action": "up1",
            "FMMFSM State": "P",
            "State Memberships": {
                "P": 0.29953230094584293,
                "R": 0.03610135716884744,
                "N": 0.005472081543636986,
                "D": 0.0021148232964384173
            }
        },
        {
            "Step": 9,
            "Action": "down3",
            "FMMFSM State": "P",
            "State Memberships": {
                "P": 0.27842763997412356,
                "R": 0.020144725510918504,
                "N": 0.005207605036567808,
                "D": 0.001308166218351725
            }
        }
    ],
    "Threshold Vacuous Task Confusion": [
        {
            "Step": 8,
            "Action": "up1",
            "FMMFSM Task Memberships": {
                "Driving": 0.036974825594503935,
                "Parking": 0.29653697793638445
            }
        },
        {
            "Step": 9,
            "Action": "down3",
            "FMMFSM Task Memberships": {
                "Driving": 0.02183984182430887,
                "Parking": 0.27564336357438235
            }
        }
    ]
}