{
    "Threshold Blocking State": [
        {
            "Step": 8,
            "Action": "down1",
            "FMMFSM State": "P"
        }
    ],
    "Threshold Vacuous State Confusion": [
        {
            "Step": 7,
            "Action": "up3",
            "FMMFSM State": "P",
            "State Memberships": {
                "P": 0.25068735863653235,
                "R": 0.002068776050043075,
                "N": 0.001037267484736426,
                "D": 0.01658802067215026
            }
        },
        {
            "Step": 8,
            "Action": "down1",
            "FMMFSM State": "P",
            "State Memberships": {
                "P": 0.2039491050998674,
                "R": 0.0016603809510720158,
                "N": 0.0008326542497333334,
                "D": 0.01341448820042046
            }
        }
    ],
    "Threshold Vacuous Task Confusion": [
        {
            "Step": 7,
            "Action": "up3",
            "FMMFSM Task Memberships": {
                "Driving": 0.01727326007986263,
                "Parking": 0.248180485050167
            }
        },
        {
            "Step": 8,
            "Action": "down1",
            "FMMFSM Task Memberships": {
                "Driving": 0.013960027142889575,
                "Parking": 0.20190961404886876
            }
        }
    ]
}