{
    "Threshold Blocking State": [
        {
            "Step": 14,
            "Action": "up3",
            "FMMFSM State": "D"
        }
    ],
    "Threshold Vacuous State Confusion": [
        {
            "Step": 13,
            "Action": "down2",
            "FMMFSM State": "D",
            "State Memberships": {
                "P": 0.0008321553750313404,
                "R": 0.006462581721587535,
                "N": 0.0016228797703844444,
                "D": 0.29012742299093097
            }
        },
        {
            "Step": 14,
            "Action": "up3",
            "FMMFSM State": "D",
            "State Memberships": {
                "P": 0.0007495436661854038,
                "R": 0.005822321867039126,
                "N": 0.0014595018820076078,
                "D": 0.26189144014665366
            }
        }
    ],
    "Threshold Vacuous Task Confusion": [
        {
            "Step": 12,
            "Action": "down2",
            "FMMFSM Task Memberships": {
                "Driving": 0.2950546254633172,
                "Parking": 0.0009173524918104636
            }
        },
        {
            "Step": 13,
            "Action": "down2",
            "FMMFSM Task Memberships": {
                "Driving": 0.2660083505526545,
                "Parking": 0.0008238338212810392
            }
        },
        {
            "Step": 14,
            "Action": "up3",
            "FMMFSM Task Memberships": {
                "Driving": 0.24026210896720135,
                "Parking": 0.0007420482295235065
            }
        }
    ]
}