{
    "Threshold Blocking State": [
        {
            "Step": 9,
            "Action": "down3",
            "FMMFSM State": "P"
        }
    ],
    "Threshold Vacuous State Confusion": [
        {
            "Step": 8,
            "Action": "up2",
            "FMMFSM State": "P",
            "State Memberships": {
                "P": 0.2814974383136323,
                "R": 0.0055448565528131155,
                "N": 0.01633013928034932,
                "D": 0.0029639122615869873
            }
        },
        {
            "Step": 9,
            "Action": "down3",
            "FMMFSM State": "P",
            "State Memberships": {
                "P": 0.2502308805295751,
                "R": 0.0050091869479595985,
                "N": 0.01449124277908298,
                "D": 0.00259915458807658
            }
        }
    ],
    "Threshold Vacuous Task Confusion": [
        {
            "Step": 8,
            "Action": "up2",
            "FMMFSM Task Memberships": {
                "Driving": 0.01574723112561005,
                "Parking": 0.2786824639304959
            }
        },
        {
            "Step": 9,
            "Action": "down3",
            "FMMFSM Task Memberships": {
                "Driving": 0.01403304482024137,
                "Parking": 0.2477285717242793
            }
        }
    ]
}