{
    "Threshold Blocking State": [
        {
            "Step": 7,
            "Action": "down2",
            "FMMFSM State": "P"
        }
    ],
    "Threshold Vacuous State Confusion": [
        {
            "Step": 6,
            "Action": "up1",
            "FMMFSM State": "P",
            "State Memberships": {
                "P": 0.2844604348706147,
                "R": 0.016740175975362148,
                "N": 0.0014396511919838595,
                "D": 0.0005904429984298076
            }
        },
        {
            "Step": 7,
            "Action": "down2",
            "FMMFSM State": "P",
            "State Memberships": {
                "P": 0.2460534551672472,
                "R": 0.007044877293413521,
                "N": 0.0014356316664525526,
                "D": 0.00035851989828117325
            }
        }
    ],
    "Threshold Vacuous Task Confusion": [
        {
            "Step": 6,
            "Action": "up1",
            "FMMFSM Task Memberships": {
                "Driving": 0.01629815477765384,
                "Parking": 0.28161583052190853
            }
        },
        {
            "Step": 7,
            "Action": "down2",
            "FMMFSM Task Memberships": {
                "Driving": 0.00737404608589709,
                "Parking": 0.2435929206155747
            }
        }
    ]
}