{
    "Threshold Blocking State": [
        {
            "Step": 13,
            "Action": "up1",
            "FMMFSM State": "D"
        }
    ],
    "Threshold Vacuous State Confusion": [
        {
            "Step": 12,
            "Action": "down3",
            "FMMFSM State": "D",
            "State Memberships": {
                "P": 0.017167599302418957,
                "R": 0.0008182964059643139,
                "N": 0.001781307273543975,
                "D": 0.28941716777941007
            }
        },
        {
            "Step": 13,
            "Action": "up1",
            "FMMFSM State": "D",
            "State Memberships": {
                "P": 0.015271603722203264,
                "R": 0.0007279929655017447,
                "N": 0.001581301809823521,
                "D": 0.2583673088212043
            }
        }
    ],
    "Threshold Vacuous Task Confusion": [
        {
            "Step": 11,
            "Action": "down3",
            "FMMFSM Task Memberships": {
                "Driving": 0.2940741665024069,
                "Parking": 0.019182900282646465
            }
        },
        {
            "Step": 12,
            "Action": "down3",
            "FMMFSM Task Memberships": {
                "Driving": 0.2616782614016595,
                "Parking": 0.01699592330939481
            }
        },
        {
            "Step": 13,
            "Action": "up1",
            "FMMFSM Task Memberships": {
                "Driving": 0.23363982186680088,
                "Parking": 0.015118887684981264
            }
        }
    ]
}