{
    "Threshold Blocking State": [
        {
            "Step": 13,
            "Action": "up2",
            "FMMFSM State": "D"
        }
    ],
    "Threshold Vacuous State Confusion": [
        {
            "Step": 13,
            "Action": "up2",
            "FMMFSM State": "D",
            "State Memberships": {
                "P": 0.0008311369602235219,
                "R": 0.006452589334343672,
                "N": 0.001620261982241411,
                "D": 0.2896952910262284
            }
        }
    ],
    "Threshold Vacuous Task Confusion": [
        {
            "Step": 12,
            "Action": "down2",
            "FMMFSM Task Memberships": {
                "Driving": 0.2946055171328351,
                "Parking": 0.0009158108076801064
            }
        },
        {
            "Step": 13,
            "Action": "up2",
            "FMMFSM Task Memberships": {
                "Driving": 0.26561440258992264,
                "Parking": 0.0008228255906213011
            }
        }
    ]
}