{
    "Threshold Blocking State": [
        {
            "Step": 10,
            "Action": "down2",
            "FMMFSM State": "P"
        }
    ],
    "Threshold Vacuous State Confusion": [
        {
            "Step": 9,
            "Action": "up2",
            "FMMFSM State": "P",
            "State Memberships": {
                "P": 0.2552784675957882,
                "R": 0.018416595291433135,
                "N": 0.0179064389283079,
                "D": 0.002648287647117553
            }
        },
        {
            "Step": 10,
            "Action": "down2",
            "FMMFSM State": "P",
            "State Memberships": {
                "P": 0.23991125446836814,
                "R": 0.004947257498758351,
                "N": 0.013136453926715475,
                "D": 0.0031701454060705236
            }
        }
    ],
    "Threshold Vacuous Task Confusion": [
        {
            "Step": 8,
            "Action": "up2",
            "FMMFSM Task Memberships": {
                "Driving": 0.020947143100518817,
                "Parking": 0.29872538819143635
            }
        },
        {
            "Step": 9,
            "Action": "up2",
            "FMMFSM Task Memberships": {
                "Driving": 0.027702723466043744,
                "Parking": 0.25272568291983033
            }
        },
        {
            "Step": 10,
            "Action": "down2",
            "FMMFSM Task Memberships": {
                "Driving": 0.013813284112267121,
                "Parking": 0.23751214192368442
            }
        }
    ]
}