{
    "Threshold Blocking State": [
        {
            "Step": 11,
            "Action": "up1",
            "FMMFSM State": "D"
        }
    ],
    "Threshold Vacuous State Confusion": [
        {
            "Step": 11,
            "Action": "up1",
            "FMMFSM State": "D",
            "State Memberships": {
                "P": 0.016814287776036663,
                "R": 0.0008014701857949058,
                "N": 0.0017439701917058015,
                "D": 0.2836485061504743
            }
        }
    ],
    "Threshold Vacuous Task Confusion": [
        {
            "Step": 10,
            "Action": "down3",
            "FMMFSM Task Memberships": {
                "Driving": 0.2880389700285191,
                "Parking": 0.01877397026430727
            }
        },
        {
            "Step": 11,
            "Action": "up1",
            "FMMFSM Task Memberships": {
                "Driving": 0.25646974982674586,
                "Parking": 0.016646144898276316
            }
        }
    ]
}