{
    "Threshold Blocking State": [
        {
            "Step": 10,
            "Action": "down1",
            "FMMFSM State": "P"
        }
    ],
    "Threshold Vacuous State Confusion": [
        {
            "Step": 9,
            "Action": "up2",
            "FMMFSM State": "P",
            "State Memberships": {
                "P": 0.2476837097482828,
                "R": 0.0017325138446976363,
                "N": 0.0061945925462799645,
                "D": 0.0008169950420897631
            }
        },
        {
            "Step": 10,
            "Action": "down1",
            "FMMFSM State": "P",
            "State Memberships": {
                "P": 0.2021876608206381,
                "R": 0.0014247639811231227,
                "N": 0.005043910144939878,
                "D": 0.0006631482631582752
            }
        }
    ],
    "Threshold Vacuous Task Confusion": [
        {
            "Step": 9,
            "Action": "up2",
            "FMMFSM Task Memberships": {
                "Driving": 0.0053836043776913645,
                "Parking": 0.2452068726508
            }
        },
        {
            "Step": 10,
            "Action": "down1",
            "FMMFSM Task Memberships": {
                "Driving": 0.004395573651513107,
                "Parking": 0.2001657842124317
            }
        }
    ]
}