{
    "Threshold Blocking State": [
        {
            "Step": 9,
            "Action": "down2",
            "FMMFSM State": "P"
        }
    ],
    "Threshold Vacuous State Confusion": [
        {
            "Step": 8,
            "Action": "up1",
            "FMMFSM State": "P",
            "State Memberships": {
                "P": 0.28606428124552785,
                "R": 0.006104698439467482,
                "N": 0.002264270337594354,
                "D": 0.03649042914276812
            }
        },
        {
            "Step": 9,
            "Action": "down2",
            "FMMFSM State": "P",
            "State Memberships": {
                "P": 0.25675891368729054,
                "R": 0.03731728023460956,
                "N": 0.03654850966818568,
                "D": 0.0053601465970603
            }
        }
    ],
    "Threshold Vacuous Task Confusion": [
        {
            "Step": 8,
            "Action": "up1",
            "FMMFSM Task Memberships": {
                "Driving": 0.03924411509201631,
                "Parking": 0.2832036384330725
            }
        },
        {
            "Step": 9,
            "Action": "down2",
            "FMMFSM Task Memberships": {
                "Driving": 0.05582297030682393,
                "Parking": 0.2541913245504177
            }
        }
    ]
}