{
    "Threshold Blocking State": [
        {
            "Step": 10,
            "Action": "up3",
            "FMMFSM State": "D"
        }
    ],
    "Threshold Vacuous State Confusion": [
        {
            "Step": 10,
            "Action": "up3",
            "FMMFSM State": "D",
            "State Memberships": {
                "P": 0.017300675995793546,
                "R": 0.0008246328681358328,
                "N": 0.0017954017598084127,
                "D": 0.29158808875243747
            }
        }
    ],
    "Threshold Vacuous Task Confusion": [
        {
            "Step": 9,
            "Action": "down3",
            "FMMFSM Task Memberships": {
                "Driving": 0.296347354175723,
                "Parking": 0.019337526778888225
            }
        },
        {
            "Step": 10,
            "Action": "up3",
            "FMMFSM Task Memberships": {
                "Driving": 0.2636383089104356,
                "Parking": 0.01712766923583564
            }
        }
    ]
}