{
    "Threshold Blocking State": [
        {
            "Step": 7,
            "Action": "down2",
            "FMMFSM State": "P"
        }
    ],
    "Threshold Vacuous State Confusion": [
        {
            "Step": 6,
            "Action": "up3",
            "FMMFSM State": "P",
            "State Memberships": {
                "P": 0.2563933760812438,
                "R": 0.00047454998714036023,
                "N": 5.307674864885037e-05,
                "D": 0.006993026389198631
            }
        },
        {
            "Step": 7,
            "Action": "down2",
            "FMMFSM State": "P",
            "State Memberships": {
                "P": 0.1936348275063431,
                "R": 0.00045699617624894717,
                "N": 0.0003286678390747033,
                "D": 0.005263015968668738
            }
        }
    ],
    "Threshold Vacuous Task Confusion": [
        {
            "Step": 6,
            "Action": "up3",
            "FMMFSM Task Memberships": {
                "Driving": 0.006744490806889436,
                "Parking": 0.25382944232043136
            }
        },
        {
            "Step": 7,
            "Action": "down2",
            "FMMFSM Task Memberships": {
                "Driving": 0.005309550982983358,
                "Parking": 0.1916984792312797
            }
        }
    ]
}