{
    "Threshold Blocking State": [
        {
            "Step": 17,
            "Action": "up2",
            "FMMFSM State": "D"
        }
    ],
    "Threshold Vacuous State Confusion": [
        {
            "Step": 16,
            "Action": "down3",
            "FMMFSM State": "D",
            "State Memberships": {
                "P": 0.017068455518353565,
                "R": 0.0008135743565726994,
                "N": 0.00177083693985991,
                "D": 0.2877993637623164
            }
        },
        {
            "Step": 17,
            "Action": "up2",
            "FMMFSM State": "D",
            "State Memberships": {
                "P": 0.015186146167621706,
                "R": 0.0007239223164694497,
                "N": 0.0015723071489937013,
                "D": 0.2569624194699919
            }
        }
    ],
    "Threshold Vacuous Task Confusion": [
        {
            "Step": 15,
            "Action": "down3",
            "FMMFSM Task Memberships": {
                "Driving": 0.2923809906726921,
                "Parking": 0.019068252514830575
            }
        },
        {
            "Step": 16,
            "Action": "down3",
            "FMMFSM Task Memberships": {
                "Driving": 0.2602175833929453,
                "Parking": 0.016897770963170022
            }
        },
        {
            "Step": 17,
            "Action": "up2",
            "FMMFSM Task Memberships": {
                "Driving": 0.2323709798303908,
                "Parking": 0.015034284705945478
            }
        }
    ]
}