{
    "Threshold Blocking State": [
        {
            "Step": 18,
            "Action": "up1",
            "FMMFSM State": "D"
        }
    ],
    "Threshold Vacuous State Confusion": [
        {
            "Step": 17,
            "Action": "down3",
            "FMMFSM State": "D",
            "State Memberships": {
                "P": 0.01669068581328459,
                "R": 0.0007956163678786154,
                "N": 0.0017301756077555686,
                "D": 0.2816250601847562
            }
        },
        {
            "Step": 18,
            "Action": "up1",
            "FMMFSM State": "D",
            "State Memberships": {
                "P": 0.014859985068233161,
                "R": 0.0007083850441012007,
                "N": 0.0015380093767015657,
                "D": 0.2515963262084294
            }
        }
    ],
    "Threshold Vacuous Task Confusion": [
        {
            "Step": 16,
            "Action": "down3",
            "FMMFSM Task Memberships": {
                "Driving": 0.2859286449598486,
                "Parking": 0.01861662969232536
            }
        },
        {
            "Step": 17,
            "Action": "down3",
            "FMMFSM Task Memberships": {
                "Driving": 0.25464247383305394,
                "Parking": 0.01652377895515178
            }
        },
        {
            "Step": 18,
            "Action": "up1",
            "FMMFSM Task Memberships": {
                "Driving": 0.22752437074645027,
                "Parking": 0.014711385217550776
            }
        }
    ]
}