{
    "Threshold Blocking State": [
        {
            "Step": 13,
            "Action": "up3",
            "FMMFSM State": "D"
        }
    ],
    "Threshold Vacuous State Confusion": [
        {
            "Step": 13,
            "Action": "up3",
            "FMMFSM State": "D",
            "State Memberships": {
                "P": 0.0007792943002705721,
                "R": 0.00605419630747428,
                "N": 0.0015188056413525386,
                "D": 0.27212513712310504
            }
        }
    ],
    "Threshold Vacuous Task Confusion": [
        {
            "Step": 12,
            "Action": "down2",
            "FMMFSM Task Memberships": {
                "Driving": 0.27652973515704704,
                "Parking": 0.0008578649257460214
            }
        },
        {
            "Step": 13,
            "Action": "up3",
            "FMMFSM Task Memberships": {
                "Driving": 0.24959721696797033,
                "Parking": 0.0007715013572678897
            }
        }
    ]
}