{
    "Threshold Blocking State": [
        {
            "Step": 10,
            "Action": "up1",
            "FMMFSM State": "D"
        }
    ],
    "Threshold Vacuous State Confusion": [
        {
            "Step": 9,
            "Action": "down1",
            "FMMFSM State": "D",
            "State Memberships": {
                "P": 0.0008145248768861579,
                "R": 0.00630241281011279,
                "N": 0.0015819298900342504,
                "D": 0.28316032474517616
            }
        },
        {
            "Step": 10,
            "Action": "up1",
            "FMMFSM State": "D",
            "State Memberships": {
                "P": 0.0004269908566458813,
                "R": 0.0013305753846181156,
                "N": 0.011391839155012073,
                "D": 0.26047203069730585
            }
        }
    ],
    "Threshold Vacuous Task Confusion": [
        {
            "Step": 8,
            "Action": "down2",
            "FMMFSM Task Memberships": {
                "Driving": 0.2878353436532942,
                "Parking": 0.0008938000115346068
            }
        },
        {
            "Step": 9,
            "Action": "down1",
            "FMMFSM Task Memberships": {
                "Driving": 0.2596569921714137,
                "Parking": 0.0008063796281172486
            }
        },
        {
            "Step": 10,
            "Action": "up1",
            "FMMFSM Task Memberships": {
                "Driving": 0.23969705020971488,
                "Parking": 0.0004227209480793803
            }
        }
    ]
}