{
    "Threshold Blocking State": [
        {
            "Step": 8,
            "Action": "down1",
            "FMMFSM State": "P"
        }
    ],
    "Threshold Vacuous State Confusion": [
        {
            "Step": 7,
            "Action": "up3",
            "FMMFSM State": "P",
            "State Memberships": {
                "P": 0.29891264721103983,
                "R": 0.0007439318049697885,
                "N": 0.0005137961742365249,
                "D": 0.008172831481776943
            }
        },
        {
            "Step": 8,
            "Action": "down1",
            "FMMFSM State": "P",
            "State Memberships": {
                "P": 0.22580493690440684,
                "R": 0.0005553095000901953,
                "N": 0.0003841170680778383,
                "D": 0.006147724140795341
            }
        }
    ],
    "Threshold Vacuous Task Confusion": [
        {
            "Step": 7,
            "Action": "up3",
            "FMMFSM Task Memberships": {
                "Driving": 0.008274999857166065,
                "Parking": 0.29592352073892947
            }
        },
        {
            "Step": 8,
            "Action": "down1",
            "FMMFSM Task Memberships": {
                "Driving": 0.006220865454001023,
                "Parking": 0.22354688753536278
            }
        }
    ]
}