{
    "Threshold Blocking State": [
        {
            "Step": 9,
            "Action": "down1",
            "FMMFSM State": "P"
        }
    ],
    "Threshold Vacuous State Confusion": [
        {
            "Step": 8,
            "Action": "up3",
            "FMMFSM State": "P",
            "State Memberships": {
                "P": 0.25151944940560167,
                "R": 0.00207619049261909,
                "N": 0.0010404188776170775,
                "D": 0.016644720511696187
            }
        },
        {
            "Step": 9,
            "Action": "down1",
            "FMMFSM State": "P",
            "State Memberships": {
                "P": 0.2046095535257756,
                "R": 0.0016660340831898823,
                "N": 0.0008355001407543972,
                "D": 0.013459062088005957
            }
        }
    ],
    "Threshold Vacuous Task Confusion": [
        {
            "Step": 8,
            "Action": "up3",
            "FMMFSM Task Memberships": {
                "Driving": 0.017332287324585915,
                "Parking": 0.24900425491154565
            }
        },
        {
            "Step": 9,
            "Action": "down1",
            "FMMFSM Task Memberships": {
                "Driving": 0.014006494715494422,
                "Parking": 0.20256345799051778
            }
        }
    ]
}