{
    "Threshold Blocking State": [
        {
            "Step": 11,
            "Action": "up3",
            "FMMFSM State": "D"
        }
    ],
    "Threshold Vacuous State Confusion": [
        {
            "Step": 11,
            "Action": "up3",
            "FMMFSM State": "D",
            "State Memberships": {
                "P": 0.00034614311004776965,
                "R": 0.0010889314159941987,
                "N": 0.007107991426484661,
                "D": 0.2798658128269166
            }
        }
    ],
    "Threshold Vacuous Task Confusion": [
        {
            "Step": 9,
            "Action": "down1",
            "FMMFSM Task Memberships": {
                "Driving": 0.29441777632787947,
                "Parking": 0.0004022215203836055
            }
        },
        {
            "Step": 10,
            "Action": "down1",
            "FMMFSM Task Memberships": {
                "Driving": 0.2740604859283273,
                "Parking": 0.00036888275671986825
            }
        },
        {
            "Step": 11,
            "Action": "up3",
            "FMMFSM Task Memberships": {
                "Driving": 0.2552686307918519,
                "Parking": 0.0003426816789472431
            }
        }
    ]
}