{
    "Threshold Blocking State": [
        {
            "Step": 14,
            "Action": "up2",
            "FMMFSM State": "D"
        }
    ],
    "Threshold Vacuous State Confusion": [
        {
            "Step": 14,
            "Action": "up2",
            "FMMFSM State": "D",
            "State Memberships": {
                "P": 0.0018771180823157207,
                "R": 0.004034506650470893,
                "N": 0.03214198749179431,
                "D": 0.2980148745085024
            }
        }
    ],
    "Threshold Vacuous Task Confusion": [
        {
            "Step": 12,
            "Action": "down1",
            "FMMFSM Task Memberships": {
                "Driving": 0.2909804297542852,
                "Parking": 0.018973189470044893
            }
        },
        {
            "Step": 13,
            "Action": "down1",
            "FMMFSM Task Memberships": {
                "Driving": 0.2917479957228133,
                "Parking": 0.001704738239687753
            }
        },
        {
            "Step": 14,
            "Action": "up2",
            "FMMFSM Task Memberships": {
                "Driving": 0.28258838012637033,
                "Parking": 0.001858346901492558
            }
        }
    ]
}