{
    "Threshold Blocking State": [
        {
            "Step": 11,
            "Action": "up2",
            "FMMFSM State": "D"
        }
    ],
    "Threshold Vacuous State Confusion": [
        {
            "Step": 10,
            "Action": "down1",
            "FMMFSM State": "D",
            "State Memberships": {
                "P": 0.00037478150062852933,
                "R": 0.0011840388846618977,
                "N": 0.007788049497086336,
                "D": 0.2986054624858093
            }
        },
        {
            "Step": 11,
            "Action": "up2",
            "FMMFSM State": "D",
            "State Memberships": {
                "P": 0.0003445940359624311,
                "R": 0.0010899282947410827,
                "N": 0.00707231599587832,
                "D": 0.27820373492349715
            }
        }
    ],
    "Threshold Vacuous Task Confusion": [
        {
            "Step": 9,
            "Action": "down1",
            "FMMFSM Task Memberships": {
                "Driving": 0.2926077023910838,
                "Parking": 0.00041158239325145285
            }
        },
        {
            "Step": 10,
            "Action": "down1",
            "FMMFSM Task Memberships": {
                "Driving": 0.2723686582165902,
                "Parking": 0.00037103368562219075
            }
        },
        {
            "Step": 11,
            "Action": "up2",
            "FMMFSM Task Memberships": {
                "Driving": 0.2537668496218264,
                "Parking": 0.0003411480956028168
            }
        }
    ]
}