{
    "Threshold Blocking State": [
        {
            "Step": 11,
            "Action": "down2",
            "FMMFSM State": "P"
        }
    ],
    "Threshold Vacuous State Confusion": [
        {
            "Step": 10,
            "Action": "up2",
            "FMMFSM State": "P",
            "State Memberships": {
                "P": 0.24564692708526625,
                "R": 0.001748773726029107,
                "N": 0.006147504990886343,
                "D": 0.0008102675666932235
            }
        },
        {
            "Step": 11,
            "Action": "down2",
            "FMMFSM State": "P",
            "State Memberships": {
                "P": 0.20057449538180416,
                "R": 0.001413471491837237,
                "N": 0.005002435125572746,
                "D": 0.0006583784574979434
            }
        }
    ],
    "Threshold Vacuous Task Confusion": [
        {
            "Step": 9,
            "Action": "up2",
            "FMMFSM Task Memberships": {
                "Driving": 0.006644298769229895,
                "Parking": 0.29881018969313744
            }
        },
        {
            "Step": 10,
            "Action": "up2",
            "FMMFSM Task Memberships": {
                "Driving": 0.00536866616373588,
                "Parking": 0.24319045781441362
            }
        },
        {
            "Step": 11,
            "Action": "down2",
            "FMMFSM Task Memberships": {
                "Driving": 0.004360466684500297,
                "Parking": 0.19856875042798605
            }
        }
    ]
}