{
    "Threshold Blocking State": [
        {
            "Step": 7,
            "Action": "down2",
            "FMMFSM State": "P"
        }
    ],
    "Threshold Vacuous State Confusion": [
        {
            "Step": 6,
            "Action": "up3",
            "FMMFSM State": "P",
            "State Memberships": {
                "P": 0.28556970167215046,
                "R": 0.0006832949078690032,
                "N": 0.0004929531659322306,
                "D": 0.007800227417435579
            }
        },
        {
            "Step": 7,
            "Action": "down2",
            "FMMFSM State": "P",
            "State Memberships": {
                "P": 0.2158290843940971,
                "R": 0.000530117054225232,
                "N": 0.0003666052127001551,
                "D": 0.0058727239915979945
            }
        }
    ],
    "Threshold Vacuous Task Confusion": [
        {
            "Step": 6,
            "Action": "up3",
            "FMMFSM Task Memberships": {
                "Driving": 0.007875448666093465,
                "Parking": 0.28271400465542895
            }
        },
        {
            "Step": 7,
            "Action": "down2",
            "FMMFSM Task Memberships": {
                "Driving": 0.005942282000896082,
                "Parking": 0.21367079355015606
            }
        }
    ]
}