{
    "Threshold Blocking State": [
        {
            "Step": 8,
            "Action": "down3",
            "FMMFSM State": "P"
        }
    ],
    "Threshold Vacuous State Confusion": [
        {
            "Step": 7,
            "Action": "up1",
            "FMMFSM State": "P",
            "State Memberships": {
                "P": 0.29891264721103983,
                "R": 0.0007439318049697885,
                "N": 0.0005137961742365249,
                "D": 0.008172831481776943
            }
        },
        {
            "Step": 8,
            "Action": "down3",
            "FMMFSM State": "P",
            "State Memberships": {
                "P": 0.2468179371344036,
                "R": 0.007332029372225546,
                "N": 0.007979952151755065,
                "D": 0.0004740787507663269
            }
        }
    ],
    "Threshold Vacuous Task Confusion": [
        {
            "Step": 7,
            "Action": "up1",
            "FMMFSM Task Memberships": {
                "Driving": 0.008274999857166065,
                "Parking": 0.29592352073892947
            }
        },
        {
            "Step": 8,
            "Action": "down3",
            "FMMFSM Task Memberships": {
                "Driving": 0.01098463752721135,
                "Parking": 0.24434975776305956
            }
        }
    ]
}