{
    "Threshold Blocking State": [
        {
            "Step": 7,
            "Action": "down3",
            "FMMFSM State": "P"
        }
    ],
    "Threshold Vacuous State Confusion": [
        {
            "Step": 6,
            "Action": "up3",
            "FMMFSM State": "P",
            "State Memberships": {
                "P": 0.29497013266732386,
                "R": 0.002466925238753803,
                "N": 0.0012366313081959568,
                "D": 0.019632390808785538
            }
        },
        {
            "Step": 7,
            "Action": "down3",
            "FMMFSM State": "P",
            "State Memberships": {
                "P": 0.23897588303145956,
                "R": 0.0019654003715138257,
                "N": 0.0009854558278010739,
                "D": 0.01578905609923742
            }
        }
    ],
    "Threshold Vacuous Task Confusion": [
        {
            "Step": 6,
            "Action": "up3",
            "FMMFSM Task Memberships": {
                "Driving": 0.020456196806715066,
                "Parking": 0.2920204313406507
            }
        },
        {
            "Step": 7,
            "Action": "down3",
            "FMMFSM Task Memberships": {
                "Driving": 0.016438742046457677,
                "Parking": 0.236586124201145
            }
        }
    ]
}