{
    "Threshold Blocking State": [
        {
            "Step": 12,
            "Action": "down2",
            "FMMFSM State": "P"
        }
    ],
    "Threshold Vacuous State Confusion": [
        {
            "Step": 11,
            "Action": "up3",
            "FMMFSM State": "P",
            "State Memberships": {
                "P": 0.2552265145024437,
                "R": 0.0020770046641478412,
                "N": 0.0010730799378495526,
                "D": 0.01689694363542238
            }
        },
        {
            "Step": 12,
            "Action": "down2",
            "FMMFSM State": "P",
            "State Memberships": {
                "P": 0.20754228762853844,
                "R": 0.0016921155359606033,
                "N": 0.0008481597619294234,
                "D": 0.013656941038279857
            }
        }
    ],
    "Threshold Vacuous Task Confusion": [
        {
            "Step": 11,
            "Action": "up3",
            "FMMFSM Task Memberships": {
                "Driving": 0.01757551946237834,
                "Parking": 0.2526742493574192
            }
        },
        {
            "Step": 12,
            "Action": "down2",
            "FMMFSM Task Memberships": {
                "Driving": 0.014213662043492059,
                "Parking": 0.20546686475225306
            }
        }
    ]
}