{
    "Threshold Blocking State": [
        {
            "Step": 8,
            "Action": "down3",
            "FMMFSM State": "P"
        }
    ],
    "Threshold Vacuous State Confusion": [
        {
            "Step": 7,
            "Action": "up3",
            "FMMFSM State": "P",
            "State Memberships": {
                "P": 0.283810609274067,
                "R": 0.0023647619459059577,
                "N": 0.0011848079175865722,
                "D": 0.018861433514339998
            }
        },
        {
            "Step": 8,
            "Action": "down3",
            "FMMFSM State": "P",
            "State Memberships": {
                "P": 0.23017603107735995,
                "R": 0.0018880948490497262,
                "N": 0.0009467607160600355,
                "D": 0.01519039805105149
            }
        }
    ],
    "Threshold Vacuous Task Confusion": [
        {
            "Step": 7,
            "Action": "up3",
            "FMMFSM Task Memberships": {
                "Driving": 0.0196485559733669,
                "Parking": 0.2809725031813264
            }
        },
        {
            "Step": 8,
            "Action": "down3",
            "FMMFSM Task Memberships": {
                "Driving": 0.015813527265724714,
                "Parking": 0.2278742707665864
            }
        }
    ]
}