{
    "Threshold Blocking State": [
        {
            "Step": 8,
            "Action": "up2",
            "FMMFSM State": "D"
        }
    ],
    "Threshold Vacuous State Confusion": [
        {
            "Step": 8,
            "Action": "up2",
            "FMMFSM State": "D",
            "State Memberships": {
                "P": 0.0062594775512653245,
                "R": 0.0003067294319467617,
                "N": 0.00045508638067948137,
                "D": 0.25797930222545873
            }
        }
    ],
    "Threshold Vacuous Task Confusion": [
        {
            "Step": 7,
            "Action": "down3",
            "FMMFSM Task Memberships": {
                "Driving": 0.2760030547721106,
                "Parking": 0.00737274375535224
            }
        },
        {
            "Step": 8,
            "Action": "up2",
            "FMMFSM Task Memberships": {
                "Driving": 0.2325679969872193,
                "Parking": 0.006196882775752699
            }
        }
    ]
}