{
    "Threshold Blocking State": [
        {
            "Step": 14,
            "Action": "down1",
            "FMMFSM State": "P"
        }
    ],
    "Threshold Vacuous State Confusion": [
        {
            "Step": 13,
            "Action": "up1",
            "FMMFSM State": "P",
            "State Memberships": {
                "P": 0.28674776884900444,
                "R": 0.041867439193362666,
                "N": 0.04122563127871537,
                "D": 0.006041097103938853
            }
        },
        {
            "Step": 14,
            "Action": "down1",
            "FMMFSM State": "P",
            "State Memberships": {
                "P": 0.28791782924667575,
                "R": 0.06617228004591691,
                "N": 0.012500574569095702,
                "D": 0.006567247022141953
            }
        }
    ],
    "Threshold Vacuous Task Confusion": [
        {
            "Step": 13,
            "Action": "up1",
            "FMMFSM Task Memberships": {
                "Driving": 0.06264107493463711,
                "Parking": 0.2838802911605144
            }
        },
        {
            "Step": 14,
            "Action": "down1",
            "FMMFSM Task Memberships": {
                "Driving": 0.07095688164471714,
                "Parking": 0.285038650954209
            }
        }
    ]
}