{
    "Threshold Blocking State": [
        {
            "Step": 11,
            "Action": "up2",
            "FMMFSM State": "D"
        }
    ],
    "Threshold Vacuous State Confusion": [
        {
            "Step": 11,
            "Action": "up2",
            "FMMFSM State": "D",
            "State Memberships": {
                "P": 0.0008427247130072812,
                "R": 0.0065420380170655434,
                "N": 0.001643095618048207,
                "D": 0.29363265373511294
            }
        }
    ],
    "Threshold Vacuous Task Confusion": [
        {
            "Step": 10,
            "Action": "down2",
            "FMMFSM Task Memberships": {
                "Driving": 0.29866091705538755,
                "Parking": 0.0009288797737320165
            }
        },
        {
            "Step": 11,
            "Action": "up2",
            "FMMFSM Task Memberships": {
                "Driving": 0.2692021272721328,
                "Parking": 0.000834297465877154
            }
        }
    ]
}