{
    "Threshold Blocking State": [
        {
            "Step": 10,
            "Action": "up3",
            "FMMFSM State": "D"
        }
    ],
    "Threshold Vacuous State Confusion": [
        {
            "Step": 9,
            "Action": "down3",
            "FMMFSM State": "D",
            "State Memberships": {
                "P": 0.0063816945414260084,
                "R": 0.0003127172931860489,
                "N": 0.0004640150492755124,
                "D": 0.262950887885402
            }
        },
        {
            "Step": 10,
            "Action": "up3",
            "FMMFSM State": "D",
            "State Memberships": {
                "P": 0.005375417125414339,
                "R": 0.0002634147809215115,
                "N": 0.0003905512172689418,
                "D": 0.22194218109145059
            }
        }
    ],
    "Threshold Vacuous Task Confusion": [
        {
            "Step": 8,
            "Action": "down3",
            "FMMFSM Task Memberships": {
                "Driving": 0.28138774928776167,
                "Parking": 0.007518938129743136
            }
        },
        {
            "Step": 9,
            "Action": "down3",
            "FMMFSM Task Memberships": {
                "Driving": 0.2370476906899489,
                "Parking": 0.006317877596011767
            }
        },
        {
            "Step": 10,
            "Action": "up3",
            "FMMFSM Task Memberships": {
                "Driving": 0.20009391403203225,
                "Parking": 0.0053216629541601446
            }
        }
    ]
}