{
    "Threshold Blocking State": [
        {
            "Step": 10,
            "Action": "down1",
            "FMMFSM State": "P"
        }
    ],
    "Threshold Vacuous State Confusion": [
        {
            "Step": 9,
            "Action": "up2",
            "FMMFSM State": "P",
            "State Memberships": {
                "P": 0.28482900345580653,
                "R": 0.005780707969082366,
                "N": 0.016587483716035134,
                "D": 0.0029856322189624196
            }
        },
        {
            "Step": 10,
            "Action": "down1",
            "FMMFSM State": "P",
            "State Memberships": {
                "P": 0.25323699376087183,
                "R": 0.005065382347442138,
                "N": 0.014660801085209396,
                "D": 0.0026407878463498013
            }
        }
    ],
    "Threshold Vacuous Task Confusion": [
        {
            "Step": 9,
            "Action": "up2",
            "FMMFSM Task Memberships": {
                "Driving": 0.016104148941132324,
                "Parking": 0.2819807134212484
            }
        },
        {
            "Step": 10,
            "Action": "down1",
            "FMMFSM Task Memberships": {
                "Driving": 0.014204357713378801,
                "Parking": 0.2507046238232631
            }
        }
    ]
}