{
    "Threshold Blocking State": [
        {
            "Step": 12,
            "Action": "up2",
            "FMMFSM State": "D"
        }
    ],
    "Threshold Vacuous State Confusion": [
        {
            "Step": 12,
            "Action": "up2",
            "FMMFSM State": "D",
            "State Memberships": {
                "P": 0.00036639657357639965,
                "R": 0.0011573040512181665,
                "N": 0.00761378252067757,
                "D": 0.2920425751813087
            }
        }
    ],
    "Threshold Vacuous Task Confusion": [
        {
            "Step": 11,
            "Action": "down1",
            "FMMFSM Task Memberships": {
                "Driving": 0.28612603368195155,
                "Parking": 0.0004021466298259613
            }
        },
        {
            "Step": 12,
            "Action": "up2",
            "FMMFSM Task Memberships": {
                "Driving": 0.2664094972481019,
                "Parking": 0.0003627326078405879
            }
        }
    ]
}