{
    "Threshold Blocking State": [
        {
            "Step": 9,
            "Action": "up3",
            "FMMFSM State": "D"
        }
    ],
    "Threshold Vacuous State Confusion": [
        {
            "Step": 8,
            "Action": "down3",
            "FMMFSM State": "D",
            "State Memberships": {
                "P": 0.0065009097890141865,
                "R": 0.00031855804652325403,
                "N": 0.0004727260723605964,
                "D": 0.26779793886821934
            }
        },
        {
            "Step": 9,
            "Action": "up3",
            "FMMFSM State": "D",
            "State Memberships": {
                "P": 0.0054745218279735886,
                "R": 0.0002682705383455497,
                "N": 0.00039778131604362166,
                "D": 0.22598855849044097
            }
        }
    ],
    "Threshold Vacuous Task Confusion": [
        {
            "Step": 7,
            "Action": "down3",
            "FMMFSM Task Memberships": {
                "Driving": 0.2866400288084342,
                "Parking": 0.007661627696763151
            }
        },
        {
            "Step": 8,
            "Action": "down3",
            "FMMFSM Task Memberships": {
                "Driving": 0.2414150906034065,
                "Parking": 0.006435900691124097
            }
        },
        {
            "Step": 9,
            "Action": "up3",
            "FMMFSM Task Memberships": {
                "Driving": 0.20374043909971074,
                "Parking": 0.005419776609693838
            }
        }
    ]
}