{
    "Threshold Blocking State": [
        {
            "Step": 14,
            "Action": "down2",
            "FMMFSM State": "P"
        }
    ],
    "Threshold Vacuous State Confusion": [
        {
            "Step": 13,
            "Action": "up1",
            "FMMFSM State": "P",
            "State Memberships": {
                "P": 0.29605981981510876,
                "R": 0.00634702214301297,
                "N": 0.002354086346936235,
                "D": 0.03784735052639221
            }
        },
        {
            "Step": 14,
            "Action": "down2",
            "FMMFSM State": "P",
            "State Memberships": {
                "P": 0.26547723083660557,
                "R": 0.03863539816607964,
                "N": 0.03789790347819799,
                "D": 0.005556723672191066
            }
        }
    ],
    "Threshold Vacuous Task Confusion": [
        {
            "Step": 13,
            "Action": "up1",
            "FMMFSM Task Memberships": {
                "Driving": 0.040710814227555736,
                "Parking": 0.2930992216169577
            }
        },
        {
            "Step": 14,
            "Action": "down2",
            "FMMFSM Task Memberships": {
                "Driving": 0.057797605744425495,
                "Parking": 0.2628224585282395
            }
        }
    ]
}