{
    "Threshold Blocking State": [
        {
            "Step": 7,
            "Action": "down2",
            "FMMFSM State": "P"
        }
    ],
    "Threshold Vacuous State Confusion": [
        {
            "Step": 6,
            "Action": "up2",
            "FMMFSM State": "P",
            "State Memberships": {
                "P": 0.2766040309749134,
                "R": 0.0006850868677988897,
                "N": 0.0004737904520585312,
                "D": 0.007552978291312518
            }
        },
        {
            "Step": 7,
            "Action": "down2",
            "FMMFSM State": "P",
            "State Memberships": {
                "P": 0.22047198010538038,
                "R": 0.0068724168912972505,
                "N": 0.006365714863680316,
                "D": 0.0007193230769342307
            }
        }
    ],
    "Threshold Vacuous Task Confusion": [
        {
            "Step": 6,
            "Action": "up2",
            "FMMFSM Task Memberships": {
                "Driving": 0.007645207158197054,
                "Parking": 0.27383799066516423
            }
        },
        {
            "Step": 7,
            "Action": "down2",
            "FMMFSM Task Memberships": {
                "Driving": 0.009989684839414203,
                "Parking": 0.21826726030432653
            }
        }
    ]
}