{
    "Threshold Blocking State": [
        {
            "Step": 10,
            "Action": "up2",
            "FMMFSM State": "D"
        }
    ],
    "Threshold Vacuous State Confusion": [
        {
            "Step": 10,
            "Action": "up2",
            "FMMFSM State": "D",
            "State Memberships": {
                "P": 0.0008446491401391532,
                "R": 0.006470665321397173,
                "N": 0.0010479830807980095,
                "D": 0.2906928707311517
            }
        }
    ],
    "Threshold Vacuous Task Confusion": [
        {
            "Step": 9,
            "Action": "down2",
            "FMMFSM Task Memberships": {
                "Driving": 0.2939637155967214,
                "Parking": 0.0004093432400513741
            }
        },
        {
            "Step": 10,
            "Action": "up2",
            "FMMFSM Task Memberships": {
                "Driving": 0.26630824149023724,
                "Parking": 0.0008362026487377383
            }
        }
    ]
}