{
    "Threshold Blocking State": [
        {
            "Step": 10,
            "Action": "down3",
            "FMMFSM State": "P"
        }
    ],
    "Threshold Vacuous State Confusion": [
        {
            "Step": 9,
            "Action": "up1",
            "FMMFSM State": "P",
            "State Memberships": {
                "P": 0.27110900491028145,
                "R": 0.0361226729428058,
                "N": 0.004564258613652616,
                "D": 0.0021366408425486094
            }
        },
        {
            "Step": 10,
            "Action": "down3",
            "FMMFSM State": "P",
            "State Memberships": {
                "P": 0.255505164939715,
                "R": 0.017923854814184903,
                "N": 0.005086760982776717,
                "D": 0.0011929965186389113
            }
        }
    ],
    "Threshold Vacuous Task Confusion": [
        {
            "Step": 8,
            "Action": "up1",
            "FMMFSM Task Memberships": {
                "Driving": 0.03338645455170097,
                "Parking": 0.29727004077659547
            }
        },
        {
            "Step": 9,
            "Action": "up1",
            "FMMFSM Task Memberships": {
                "Driving": 0.03657455619937433,
                "Parking": 0.2683979148611786
            }
        },
        {
            "Step": 10,
            "Action": "down3",
            "FMMFSM Task Memberships": {
                "Driving": 0.01968751115092149,
                "Parking": 0.2529501132903178
            }
        }
    ]
}