{
    "Threshold Blocking State": [
        {
            "Step": 11,
            "Action": "up2",
            "FMMFSM State": "D"
        }
    ],
    "Threshold Vacuous State Confusion": [
        {
            "Step": 11,
            "Action": "up2",
            "FMMFSM State": "D",
            "State Memberships": {
                "P": 0.000374013348861002,
                "R": 0.0011715052008040017,
                "N": 0.007804612172194192,
                "D": 0.2976819948953674
            }
        }
    ],
    "Threshold Vacuous Task Confusion": [
        {
            "Step": 10,
            "Action": "down1",
            "FMMFSM Task Memberships": {
                "Driving": 0.2917994262630468,
                "Parking": 0.00040624059528271417
            }
        },
        {
            "Step": 11,
            "Action": "up2",
            "FMMFSM Task Memberships": {
                "Driving": 0.2715394862678404,
                "Parking": 0.00037027321537241864
            }
        }
    ]
}