{
    "Threshold Blocking State": [
        {
            "Step": 13,
            "Action": "up1",
            "FMMFSM State": "D"
        }
    ],
    "Threshold Vacuous State Confusion": [
        {
            "Step": 13,
            "Action": "up1",
            "FMMFSM State": "D",
            "State Memberships": {
                "P": 0.0008389081358711747,
                "R": 0.006512565920069102,
                "N": 0.001635315848161123,
                "D": 0.29233600064246945
            }
        }
    ],
    "Threshold Vacuous Task Confusion": [
        {
            "Step": 12,
            "Action": "down2",
            "FMMFSM Task Memberships": {
                "Driving": 0.29732521823656877,
                "Parking": 0.0009242872617774012
            }
        },
        {
            "Step": 13,
            "Action": "up1",
            "FMMFSM Task Memberships": {
                "Driving": 0.2680205838972878,
                "Parking": 0.0008305190545124796
            }
        }
    ]
}