{
    "Threshold Blocking State": [
        {
            "Step": 6,
            "Action": "down3",
            "FMMFSM State": "P"
        }
    ],
    "Threshold Vacuous State Confusion": [
        {
            "Step": 5,
            "Action": "up1",
            "FMMFSM State": "P",
            "State Memberships": {
                "P": 0.24542175088796392,
                "R": 0.0006051906297919185,
                "N": 0.00041859391319853945,
                "D": 0.006689378530012946
            }
        },
        {
            "Step": 6,
            "Action": "down3",
            "FMMFSM State": "P",
            "State Memberships": {
                "P": 0.20286555228194503,
                "R": 0.0060160163982661,
                "N": 0.006533645644430153,
                "D": 0.0003887551031349634
            }
        }
    ],
    "Threshold Vacuous Task Confusion": [
        {
            "Step": 5,
            "Action": "up1",
            "FMMFSM Task Memberships": {
                "Driving": 0.006769756665873539,
                "Parking": 0.24296753337908428
            }
        },
        {
            "Step": 6,
            "Action": "down3",
            "FMMFSM Task Memberships": {
                "Driving": 0.00901039804055137,
                "Parking": 0.20083689675912564
            }
        }
    ]
}