{
    "Threshold Blocking State": [
        {
            "Step": 10,
            "Action": "down3",
            "FMMFSM State": "P"
        }
    ],
    "Threshold Vacuous State Confusion": [
        {
            "Step": 9,
            "Action": "up3",
            "FMMFSM State": "P",
            "State Memberships": {
                "P": 0.28621295286718684,
                "R": 0.006109439800862204,
                "N": 0.0022653525792782903,
                "D": 0.03651009606718236
            }
        },
        {
            "Step": 10,
            "Action": "down3",
            "FMMFSM State": "P",
            "State Memberships": {
                "P": 0.2569398528630257,
                "R": 0.005411898731632392,
                "N": 0.002007455439493322,
                "D": 0.032572370541111284
            }
        }
    ],
    "Threshold Vacuous Task Confusion": [
        {
            "Step": 9,
            "Action": "up3",
            "FMMFSM Task Memberships": {
                "Driving": 0.03926634094423509,
                "Parking": 0.2833508233385149
            }
        },
        {
            "Step": 10,
            "Action": "down3",
            "FMMFSM Task Memberships": {
                "Driving": 0.03501261462501315,
                "Parking": 0.2543704543343954
            }
        }
    ]
}