{
    "Threshold Blocking State": [
        {
            "Step": 6,
            "Action": "down1",
            "FMMFSM State": "P"
        }
    ],
    "Threshold Vacuous State Confusion": [
        {
            "Step": 5,
            "Action": "up3",
            "FMMFSM State": "P",
            "State Memberships": {
                "P": 0.2587156906717266,
                "R": 0.000639145667075236,
                "N": 0.00044206036816885064,
                "D": 0.007057164323305165
            }
        },
        {
            "Step": 6,
            "Action": "down1",
            "FMMFSM State": "P",
            "State Memberships": {
                "P": 0.19576488388681124,
                "R": 0.00047943814779793925,
                "N": 0.0003316822408742093,
                "D": 0.005320679693440966
            }
        }
    ],
    "Threshold Vacuous Task Confusion": [
        {
            "Step": 5,
            "Action": "up3",
            "FMMFSM Task Memberships": {
                "Driving": 0.00714252542747984,
                "Parking": 0.2561285337650093
            }
        },
        {
            "Step": 6,
            "Action": "down1",
            "FMMFSM Task Memberships": {
                "Driving": 0.0053830155531634505,
                "Parking": 0.19380723504794317
            }
        }
    ]
}