{
    "Threshold Blocking State": [
        {
            "Step": 15,
            "Action": "up1",
            "FMMFSM State": "D"
        }
    ],
    "Threshold Vacuous State Confusion": [
        {
            "Step": 15,
            "Action": "up1",
            "FMMFSM State": "D",
            "State Memberships": {
                "P": 0.002608495060437588,
                "R": 0.015238032445106575,
                "N": 0.004743294569521717,
                "D": 0.293285052327776
            }
        }
    ],
    "Threshold Vacuous Task Confusion": [
        {
            "Step": 13,
            "Action": "down2",
            "FMMFSM Task Memberships": {
                "Driving": 0.2915517048463713,
                "Parking": 0.0027382908539389517
            }
        },
        {
            "Step": 14,
            "Action": "down2",
            "FMMFSM Task Memberships": {
                "Driving": 0.2834620556367955,
                "Parking": 0.0026897501593835527
            }
        },
        {
            "Step": 15,
            "Action": "up1",
            "FMMFSM Task Memberships": {
                "Driving": 0.275772511121532,
                "Parking": 0.0025824101098331775
            }
        }
    ]
}