{
    "Threshold Blocking State": [
        {
            "Step": 18,
            "Action": "up3",
            "FMMFSM State": "D"
        }
    ],
    "Threshold Vacuous State Confusion": [
        {
            "Step": 18,
            "Action": "up3",
            "FMMFSM State": "D",
            "State Memberships": {
                "P": 0.017199981948562204,
                "R": 0.0008194191435633158,
                "N": 0.0017960355721383658,
                "D": 0.2901282240037001
            }
        }
    ],
    "Threshold Vacuous Task Confusion": [
        {
            "Step": 17,
            "Action": "down3",
            "FMMFSM Task Memberships": {
                "Driving": 0.2949912773084101,
                "Parking": 0.01940636999480505
            }
        },
        {
            "Step": 18,
            "Action": "up3",
            "FMMFSM Task Memberships": {
                "Driving": 0.2623233543414919,
                "Parking": 0.017027982129076635
            }
        }
    ]
}