{
    "Threshold Blocking State": [
        {
            "Step": 12,
            "Action": "down2",
            "FMMFSM State": "P"
        }
    ],
    "Threshold Vacuous State Confusion": [
        {
            "Step": 11,
            "Action": "up2",
            "FMMFSM State": "P",
            "State Memberships": {
                "P": 0.28177940068724094,
                "R": 0.03574981510208408,
                "N": 0.037442825108103595,
                "D": 0.007542124509199111
            }
        }
    ],
    "Threshold Vacuous Task Confusion": [
        {
            "Step": 10,
            "Action": "up2",
            "FMMFSM Task Memberships": {
                "Driving": 0.04152324607023894,
                "Parking": 0.2985586433790477
            }
        },
        {
            "Step": 11,
            "Action": "up2",
            "FMMFSM Task Memberships": {
                "Driving": 0.05674040938313574,
                "Parking": 0.2789616066803685
            }
        }
    ]
}