{
    "Threshold Blocking State": [
        {
            "Step": 17,
            "Action": "up3",
            "FMMFSM State": "D"
        }
    ],
    "Threshold Vacuous State Confusion": [
        {
            "Step": 17,
            "Action": "up3",
            "FMMFSM State": "D",
            "State Memberships": {
                "P": 0.016393381348259073,
                "R": 0.0007814239419648983,
                "N": 0.0016995293500442488,
                "D": 0.27676580458508804
            }
        }
    ],
    "Threshold Vacuous Task Confusion": [
        {
            "Step": 16,
            "Action": "down3",
            "FMMFSM Task Memberships": {
                "Driving": 0.2808481364375778,
                "Parking": 0.018287630157783452
            }
        },
        {
            "Step": 17,
            "Action": "up3",
            "FMMFSM Task Memberships": {
                "Driving": 0.25025497450853884,
                "Parking": 0.01622944753477651
            }
        }
    ]
}