{
    "Threshold Blocking State": [
        {
            "Step": 19,
            "Action": "down3",
            "FMMFSM State": "P"
        }
    ],
    "Threshold Vacuous State Confusion": [
        {
            "Step": 18,
            "Action": "up1",
            "FMMFSM State": "P",
            "State Memberships": {
                "P": 0.274707610655167,
                "R": 0.0058337815659277314,
                "N": 0.00216334768964499,
                "D": 0.034955991050724444
            }
        },
        {
            "Step": 19,
            "Action": "down3",
            "FMMFSM State": "P",
            "State Memberships": {
                "P": 0.24683368351821144,
                "R": 0.03582108400828887,
                "N": 0.035021952240025245,
                "D": 0.005137659745782619
            }
        }
    ],
    "Threshold Vacuous Task Confusion": [
        {
            "Step": 18,
            "Action": "up1",
            "FMMFSM Task Memberships": {
                "Driving": 0.037587759014135136,
                "Parking": 0.27196053454861535
            }
        },
        {
            "Step": 19,
            "Action": "down3",
            "FMMFSM Task Memberships": {
                "Driving": 0.05358188142895026,
                "Parking": 0.24436534668302934
            }
        }
    ]
}