{
    "Threshold Blocking State": [
        {
            "Step": 12,
            "Action": "up3",
            "FMMFSM State": "D"
        }
    ],
    "Threshold Vacuous State Confusion": [
        {
            "Step": 11,
            "Action": "down3",
            "FMMFSM State": "D",
            "State Memberships": {
                "P": 0.016645212608848325,
                "R": 0.0007934178538877568,
                "N": 0.001726113655083794,
                "D": 0.28088513110274915
            }
        },
        {
            "Step": 12,
            "Action": "up3",
            "FMMFSM State": "D",
            "State Memberships": {
                "P": 0.01482092709748184,
                "R": 0.0007065250816467028,
                "N": 0.0015338890341084488,
                "D": 0.2509531383608947
            }
        }
    ],
    "Threshold Vacuous Task Confusion": [
        {
            "Step": 10,
            "Action": "down3",
            "FMMFSM Task Memberships": {
                "Driving": 0.2851505918216686,
                "Parking": 0.01857850688308149
            }
        },
        {
            "Step": 11,
            "Action": "down3",
            "FMMFSM Task Memberships": {
                "Driving": 0.2539745965336243,
                "Parking": 0.01647876048275987
            }
        },
        {
            "Step": 12,
            "Action": "up3",
            "FMMFSM Task Memberships": {
                "Driving": 0.2269434268661974,
                "Parking": 0.014672717826507031
            }
        }
    ]
}