{
    "Threshold Blocking State": [
        {
            "Step": 7,
            "Action": "down3",
            "FMMFSM State": "P"
        }
    ],
    "Threshold Vacuous State Confusion": [
        {
            "Step": 6,
            "Action": "up3",
            "FMMFSM State": "P",
            "State Memberships": {
                "P": 0.23129034392725412,
                "R": 0.0005692042508372852,
                "N": 0.0003937348320514067,
                "D": 0.006299059295967968
            }
        },
        {
            "Step": 7,
            "Action": "down3",
            "FMMFSM State": "P",
            "State Memberships": {
                "P": 0.17521148552218946,
                "R": 0.0004279010908394554,
                "N": 0.0002960522158771406,
                "D": 0.004756482657058747
            }
        }
    ],
    "Threshold Vacuous Task Confusion": [
        {
            "Step": 6,
            "Action": "up3",
            "FMMFSM Task Memberships": {
                "Driving": 0.006374184040753184,
                "Parking": 0.22897744048798163
            }
        },
        {
            "Step": 7,
            "Action": "down3",
            "FMMFSM Task Memberships": {
                "Driving": 0.004811632447013547,
                "Parking": 0.1734593706669676
            }
        }
    ]
}