{
    "Threshold Blocking State": [
        {
            "Step": 8,
            "Action": "down3",
            "FMMFSM State": "P"
        }
    ],
    "Threshold Vacuous State Confusion": [
        {
            "Step": 7,
            "Action": "up2",
            "FMMFSM State": "P",
            "State Memberships": {
                "P": 0.2603368060098946,
                "R": 0.002154576913004025,
                "N": 0.001080242397814568,
                "D": 0.0172482289146495
            }
        },
        {
            "Step": 8,
            "Action": "down3",
            "FMMFSM State": "P",
            "State Memberships": {
                "P": 0.22110862336187465,
                "R": 0.01580227572330628,
                "N": 0.015441295142399558,
                "D": 0.0022786061381825373
            }
        }
    ],
    "Threshold Vacuous Task Confusion": [
        {
            "Step": 7,
            "Action": "up2",
            "FMMFSM Task Memberships": {
                "Driving": 0.017963129087303686,
                "Parking": 0.25773343794979564
            }
        },
        {
            "Step": 8,
            "Action": "down3",
            "FMMFSM Task Memberships": {
                "Driving": 0.023838864118855718,
                "Parking": 0.21889753712825588
            }
        }
    ]
}