{
    "Threshold Blocking State": [
        {
            "Step": 12,
            "Action": "up2",
            "FMMFSM State": "D"
        }
    ],
    "Threshold Vacuous State Confusion": [
        {
            "Step": 12,
            "Action": "up2",
            "FMMFSM State": "D",
            "State Memberships": {
                "P": 0.0025446926950905002,
                "R": 0.01691126039265256,
                "N": 0.01880212776954593,
                "D": 0.29876133447376074
            }
        }
    ],
    "Threshold Vacuous Task Confusion": [
        {
            "Step": 11,
            "Action": "down2",
            "FMMFSM Task Memberships": {
                "Driving": 0.2886925689171699,
                "Parking": 0.018804652520052367
            }
        },
        {
            "Step": 12,
            "Action": "up2",
            "FMMFSM Task Memberships": {
                "Driving": 0.2867815115328126,
                "Parking": 0.0025192457681395553
            }
        }
    ]
}