{
    "Threshold Blocking State": [
        {
            "Step": 9,
            "Action": "up1",
            "FMMFSM State": "D"
        }
    ],
    "Threshold Vacuous State Confusion": [
        {
            "Step": 9,
            "Action": "up1",
            "FMMFSM State": "D",
            "State Memberships": {
                "P": 0.017116120708827398,
                "R": 0.0008158448159243381,
                "N": 0.0017758652207744419,
                "D": 0.288577151251977
            }
        }
    ],
    "Threshold Vacuous Task Confusion": [
        {
            "Step": 8,
            "Action": "down3",
            "FMMFSM Task Memberships": {
                "Driving": 0.29319486715561927,
                "Parking": 0.019123277746975975
            }
        },
        {
            "Step": 9,
            "Action": "up1",
            "FMMFSM Task Memberships": {
                "Driving": 0.2609198313911524,
                "Parking": 0.016944959501739132
            }
        }
    ]
}