{
    "Threshold Blocking State": [
        {
            "Step": 11,
            "Action": "up2",
            "FMMFSM State": "D"
        }
    ],
    "Threshold Vacuous State Confusion": [
        {
            "Step": 10,
            "Action": "down1",
            "FMMFSM State": "D",
            "State Memberships": {
                "P": 0.001647643767087703,
                "R": 0.018100771672991733,
                "N": 0.018708291199449723,
                "D": 0.2900185657588893
            }
        },
        {
            "Step": 11,
            "Action": "up2",
            "FMMFSM State": "D",
            "State Memberships": {
                "P": 0.0017968340728868881,
                "R": 0.0038634949328920642,
                "N": 0.030779002668926192,
                "D": 0.2859767202182194
            }
        }
    ],
    "Threshold Vacuous Task Confusion": [
        {
            "Step": 9,
            "Action": "down1",
            "FMMFSM Task Memberships": {
                "Driving": 0.27867202513167944,
                "Parking": 0.018140663272639634
            }
        },
        {
            "Step": 10,
            "Action": "down1",
            "FMMFSM Task Memberships": {
                "Driving": 0.27985520715738155,
                "Parking": 0.001631167329416816
            }
        },
        {
            "Step": 11,
            "Action": "up2",
            "FMMFSM Task Memberships": {
                "Driving": 0.27135007659450083,
                "Parking": 0.0017788657321580192
            }
        }
    ]
}