{
    "Threshold Blocking State": [
        {
            "Step": 9,
            "Action": "down2",
            "FMMFSM State": "P"
        }
    ],
    "Threshold Vacuous State Confusion": [
        {
            "Step": 8,
            "Action": "up3",
            "FMMFSM State": "P",
            "State Memberships": {
                "P": 0.28606428124552785,
                "R": 0.006104698439467482,
                "N": 0.002264270337594354,
                "D": 0.03649042914276812
            }
        },
        {
            "Step": 9,
            "Action": "down2",
            "FMMFSM State": "P",
            "State Memberships": {
                "P": 0.25681228541038037,
                "R": 0.005408994636207698,
                "N": 0.002006374404713629,
                "D": 0.03255531554182978
            }
        }
    ],
    "Threshold Vacuous Task Confusion": [
        {
            "Step": 8,
            "Action": "up3",
            "FMMFSM Task Memberships": {
                "Driving": 0.03924411509201631,
                "Parking": 0.2832036384330725
            }
        },
        {
            "Step": 9,
            "Action": "down2",
            "FMMFSM Task Memberships": {
                "Driving": 0.034994298535238055,
                "Parking": 0.2542441625562766
            }
        }
    ]
}