{
    "Threshold Blocking State": [
        {
            "Step": 10,
            "Action": "up2",
            "FMMFSM State": "D"
        }
    ],
    "Threshold Vacuous State Confusion": [
        {
            "Step": 9,
            "Action": "down3",
            "FMMFSM State": "D",
            "State Memberships": {
                "P": 0.006577329197065995,
                "R": 0.00032230206708749876,
                "N": 0.00047831087436156494,
                "D": 0.2709037356551304
            }
        },
        {
            "Step": 10,
            "Action": "up2",
            "FMMFSM State": "D",
            "State Memberships": {
                "P": 0.005538024524794238,
                "R": 0.000271381916953195,
                "N": 0.0004024146831353992,
                "D": 0.22858046084015993
            }
        }
    ],
    "Threshold Vacuous Task Confusion": [
        {
            "Step": 8,
            "Action": "down3",
            "FMMFSM Task Memberships": {
                "Driving": 0.2900067625616761,
                "Parking": 0.007753139291949651
            }
        },
        {
            "Step": 9,
            "Action": "down3",
            "FMMFSM Task Memberships": {
                "Driving": 0.24421350424207133,
                "Parking": 0.006511555905095334
            }
        },
        {
            "Step": 10,
            "Action": "up2",
            "FMMFSM Task Memberships": {
                "Driving": 0.2060761875201622,
                "Parking": 0.005482644279546256
            }
        }
    ]
}