{
    "Threshold Blocking State": [
        {
            "Step": 12,
            "Action": "up2",
            "FMMFSM State": "D"
        }
    ],
    "Threshold Vacuous State Confusion": [
        {
            "Step": 12,
            "Action": "up2",
            "FMMFSM State": "D",
            "State Memberships": {
                "P": 0.0003823878214077592,
                "R": 0.001417724211030147,
                "N": 0.007583952003323846,
                "D": 0.2986083382053397
            }
        }
    ],
    "Threshold Vacuous Task Confusion": [
        {
            "Step": 11,
            "Action": "down1",
            "FMMFSM Task Memberships": {
                "Driving": 0.29067281851867244,
                "Parking": 0.0005391432237146221
            }
        },
        {
            "Step": 12,
            "Action": "up2",
            "FMMFSM Task Memberships": {
                "Driving": 0.27244990115360124,
                "Parking": 0.00037856394319368825
            }
        }
    ]
}