{
    "Threshold Blocking State": [
        {
            "Step": 8,
            "Action": "down1",
            "FMMFSM State": "P"
        }
    ],
    "Threshold Vacuous State Confusion": [
        {
            "Step": 7,
            "Action": "up2",
            "FMMFSM State": "P",
            "State Memberships": {
                "P": 0.25734784668457433,
                "R": 0.0018334185840643835,
                "N": 0.006446551010522605,
                "D": 0.0008489702184977244
            }
        },
        {
            "Step": 8,
            "Action": "down1",
            "FMMFSM State": "P",
            "State Memberships": {
                "P": 0.209984319702626,
                "R": 0.0014815574407386345,
                "N": 0.005240706231337988,
                "D": 0.0006898816960499987
            }
        }
    ],
    "Threshold Vacuous Task Confusion": [
        {
            "Step": 7,
            "Action": "up2",
            "FMMFSM Task Memberships": {
                "Driving": 0.005628387241697452,
                "Parking": 0.2547743682177286
            }
        },
        {
            "Step": 8,
            "Action": "down1",
            "FMMFSM Task Memberships": {
                "Driving": 0.0045687016641119405,
                "Parking": 0.2078844765055997
            }
        }
    ]
}