{
    "state_membership_history": [
        {
            "Active": 1,
            "Inactive": 0.01
        },
        {
            "Active": 0.89219487762,
            "Inactive": 0.206020080112582
        },
        {
            "Active": 0.8048895792469025,
            "Inactive": 0.32977446509601793
        }
    ],
    "blocking_history": [
        {
            "B": 0.892954154945071,
            "C": 0.20038837203999993
        },
        {
            "B": 0.8342726409840466,
            "C": 0.21094509143781326
        }
    ]
}